signal_date,entry_date,exit_date,side,entry,exit,target,target_hit,target_bars,exit_reason,gross_return,net_return,mfe,initial_stop_atr,trail_atr,hold_bars,timeframe,donchian,adx_min
2018-12-04 00:00:00+00:00,2018-12-06 00:00:00+00:00,2018-12-27 00:00:00+00:00,long,1237.5,1277.300048828125,0.03,True,14.0,time_exit,0.0321616556186867,0.0316616556186867,0.0322424439709596,2.0,1.5,15,1d,50,15
2018-12-07 00:00:00+00:00,2018-12-10 00:00:00+00:00,2018-12-31 00:00:00+00:00,long,1249.5999755859375,1278.300048828125,0.03,False,,time_exit,0.0229674086130884,0.0224674086130884,0.025368176905832,2.0,1.5,15,1d,50,15
2018-12-20 00:00:00+00:00,2018-12-21 00:00:00+00:00,2019-01-15 00:00:00+00:00,long,1260.300048828125,1286.199951171875,0.03,False,,time_exit,0.0205505842579571,0.0200505842579571,0.0268982790052825,2.0,1.5,15,1d,50,15
2018-12-24 00:00:00+00:00,2018-12-26 00:00:00+00:00,2019-01-22 00:00:00+00:00,long,1269.300048828125,1282.5,0.03,False,,time_exit,0.010399393889618,0.009899393889618,0.0196170341021719,2.0,1.5,15,1d,50,15
2018-12-28 00:00:00+00:00,2018-12-31 00:00:00+00:00,2019-01-28 00:00:00+00:00,long,1278.0,1302.4000244140625,0.03,False,,time_exit,0.0190923508717233,0.0185923508717233,0.0227699339483078,2.0,1.5,15,1d,50,15
2019-01-03 00:00:00+00:00,2019-01-04 00:00:00+00:00,2019-01-04 00:00:00+00:00,long,1294.199951171875,1276.314208984375,0.03,False,,initial_stop,-0.0138199218531145,-0.0143199218531145,0.0,2.0,1.5,15,1d,50,15
2019-02-19 00:00:00+00:00,2019-02-20 00:00:00+00:00,2019-02-21 00:00:00+00:00,long,1342.199951171875,1322.67138671875,0.03,False,,initial_stop,-0.0145496685766338,-0.0150496685766338,0.0013411182339511,2.0,1.5,15,1d,50,15
2019-02-20 00:00:00+00:00,2019-02-21 00:00:00+00:00,2019-02-28 00:00:00+00:00,long,1331.300048828125,1313.100062779018,0.03,False,,initial_stop,-0.0136708370627099,-0.0141708370627099,0.0027041053510863,2.0,1.5,15,1d,50,15
2019-06-20 00:00:00+00:00,2019-06-21 00:00:00+00:00,2019-07-12 00:00:00+00:00,long,1406.0,1409.9000244140625,0.03,False,,time_exit,0.0027738438222351,0.0022738438222351,0.0199146514935988,2.0,1.5,15,1d,50,15
2019-06-24 00:00:00+00:00,2019-06-25 00:00:00+00:00,2019-07-01 00:00:00+00:00,long,1418.0999755859375,1387.0428118024554,0.03,False,,initial_stop,-0.0219005460250781,-0.0224005460250781,0.0107186189294636,2.0,1.5,15,1d,50,15
2019-08-05 00:00:00+00:00,2019-08-06 00:00:00+00:00,2019-08-13 00:00:00+00:00,long,1469.699951171875,1497.500008719308,0.03,True,5.0,trailing_stop,0.0189154647009863,0.0184154647009863,0.0419814079690146,2.0,1.5,15,1d,50,15
2019-08-06 00:00:00+00:00,2019-08-07 00:00:00+00:00,2019-08-13 00:00:00+00:00,long,1473.5,1497.500008719308,0.03,True,5.0,trailing_stop,0.016287756171909,0.015787756171909,0.0392942140577281,2.0,1.5,15,1d,50,15
2019-08-07 00:00:00+00:00,2019-08-08 00:00:00+00:00,2019-08-28 00:00:00+00:00,long,1498.4000244140625,1537.800048828125,0.03,False,,time_exit,0.0262947302269762,0.0257947302269762,0.0299653121212544,2.0,1.5,15,1d,50,15
2020-01-03 00:00:00+00:00,2020-01-06 00:00:00+00:00,2020-01-06 00:00:00+00:00,long,1580.0,1562.142857142857,0.03,False,,initial_stop,-0.0113019891500903,-0.0118019891500903,0.0,2.0,1.5,15,1d,50,15
2020-02-19 00:00:00+00:00,2020-02-20 00:00:00+00:00,2020-02-24 00:00:00+00:00,long,1606.5,1661.5071498325892,0.03,True,3.0,trailing_stop,0.0342403671538058,0.0337403671538058,0.0498599287805399,2.0,1.5,15,1d,50,15
2020-02-20 00:00:00+00:00,2020-02-21 00:00:00+00:00,2020-02-24 00:00:00+00:00,long,1619.300048828125,1661.5071498325892,0.03,True,2.0,trailing_stop,0.0260650279329079,0.0255650279329079,0.0415611219221025,2.0,1.5,15,1d,50,15
2020-02-21 00:00:00+00:00,2020-02-24 00:00:00+00:00,2020-02-28 00:00:00+00:00,long,1657.0,1625.957170758929,0.03,False,,initial_stop,-0.0187343568141649,-0.0192343568141649,0.0178635941979103,2.0,1.5,15,1d,50,15
2020-04-09 00:00:00+00:00,2020-04-13 00:00:00+00:00,2020-04-17 00:00:00+00:00,long,1722.0,1712.2142857142858,0.03,True,2.0,trailing_stop,-0.0056827609092416,-0.0061827609092416,0.0307781649245064,2.0,1.5,15,1d,50,15
2020-04-13 00:00:00+00:00,2020-04-14 00:00:00+00:00,2020-05-04 00:00:00+00:00,long,1756.800048828125,1706.9000244140625,0.03,False,,time_exit,-0.028403929318734,-0.028903929318734,0.0103597169091698,2.0,1.5,15,1d,50,15
2020-06-30 00:00:00+00:00,2020-07-01 00:00:00+00:00,2020-07-22 00:00:00+00:00,long,1793.5999755859375,1864.0999755859373,0.03,True,15.0,time_exit,0.0393064233717825,0.0388064233717825,0.040923296952033,2.0,1.5,15,1d,50,15
2020-07-07 00:00:00+00:00,2020-07-08 00:00:00+00:00,2020-07-27 00:00:00+00:00,long,1801.5,1910.624973842076,0.03,True,11.0,trailing_stop,0.0605745067122263,0.0600745067122263,0.0757701915070774,2.0,1.5,15,1d,50,15
2020-07-08 00:00:00+00:00,2020-07-09 00:00:00+00:00,2020-07-27 00:00:00+00:00,long,1816.0999755859373,1910.624973842076,0.03,True,11.0,trailing_stop,0.0520483450949011,0.0515483450949011,0.0671218688688839,2.0,1.5,15,1d,50,15
2020-07-21 00:00:00+00:00,2020-07-22 00:00:00+00:00,2020-07-27 00:00:00+00:00,long,1858.0999755859373,1910.624973842076,0.03,True,4.0,trailing_stop,0.0282681227847145,0.0277681227847145,0.0430009286173458,2.0,1.5,15,1d,50,15
2020-07-22 00:00:00+00:00,2020-07-23 00:00:00+00:00,2020-07-27 00:00:00+00:00,long,1868.699951171875,1910.624973842076,0.03,True,3.0,trailing_stop,0.0224353956042591,0.0219353956042591,0.0370846313688115,2.0,1.5,15,1d,50,15
2020-07-23 00:00:00+00:00,2020-07-24 00:00:00+00:00,2020-07-30 00:00:00+00:00,long,1884.300048828125,1936.096396309989,0.03,True,3.0,trailing_stop,0.0274883755981838,0.0269883755981838,0.0428806053516068,2.0,1.5,15,1d,50,15
2020-07-24 00:00:00+00:00,2020-07-27 00:00:00+00:00,2020-07-30 00:00:00+00:00,long,1901.699951171875,1936.096396309989,0.03,True,4.0,trailing_stop,0.0180872093502015,0.0175872093502015,0.0333386054803197,2.0,1.5,15,1d,50,15
2020-07-27 00:00:00+00:00,2020-07-28 00:00:00+00:00,2020-08-04 00:00:00+00:00,long,1931.5,1978.9356733049665,0.03,True,6.0,trailing_stop,0.0245589817783931,0.0240589817783931,0.0438519032730391,2.0,1.5,15,1d,50,15
2020-07-28 00:00:00+00:00,2020-07-29 00:00:00+00:00,2020-08-04 00:00:00+00:00,long,1953.199951171875,1978.9356733049665,0.03,True,5.0,trailing_stop,0.0131761840960782,0.0126761840960782,0.0322547622234996,2.0,1.5,15,1d,50,15
2020-07-29 00:00:00+00:00,2020-07-30 00:00:00+00:00,2020-08-07 00:00:00+00:00,long,1963.4000244140625,2020.142857142857,0.03,True,5.0,trailing_stop,0.0289002913431908,0.0284002913431908,0.0507283153445314,2.0,1.5,15,1d,50,15
2020-08-04 00:00:00+00:00,2020-08-05 00:00:00+00:00,2020-08-11 00:00:00+00:00,long,2024.0,1974.3142961774556,0.03,False,,initial_stop,-0.0245482726395971,-0.0250482726395971,0.0192687747035573,2.0,1.5,15,1d,50,15
2021-05-06 00:00:00+00:00,2021-05-07 00:00:00+00:00,2021-05-28 00:00:00+00:00,long,1842.9000244140625,1883.7357046944755,0.03,True,14.0,trailing_stop,0.0221583806714615,0.0216583806714615,0.0339139395366123,2.0,1.5,15,1d,50,15
2021-05-17 00:00:00+00:00,2021-05-18 00:00:00+00:00,2021-06-09 00:00:00+00:00,long,1870.5,1893.199951171875,0.03,False,,time_exit,0.0121357664645147,0.0116357664645147,0.0244319439571638,2.0,1.5,15,1d,50,15
2021-05-19 00:00:00+00:00,2021-05-20 00:00:00+00:00,2021-06-11 00:00:00+00:00,long,1865.5,1877.4000244140625,0.03,False,,time_exit,0.0063789999539332,0.0058789999539332,0.0271776741741489,2.0,1.5,15,1d,50,15
2021-05-25 00:00:00+00:00,2021-05-27 00:00:00+00:00,2021-06-04 00:00:00+00:00,long,1896.800048828125,1863.500017438616,0.03,False,,initial_stop,-0.0175558996901556,-0.0180558996901556,0.0102277002553514,2.0,1.5,15,1d,50,15
2022-02-14 00:00:00+00:00,2022-02-15 00:00:00+00:00,2022-02-24 00:00:00+00:00,long,1872.5999755859373,1936.0821794782369,0.03,True,7.0,trailing_stop,0.0339005685784203,0.0334005685784203,0.0533482995388825,2.0,1.5,15,1d,50,15
2022-02-17 00:00:00+00:00,2022-02-18 00:00:00+00:00,2022-02-24 00:00:00+00:00,long,1899.4000244140625,1936.0821794782369,0.03,True,4.0,trailing_stop,0.0193124958369368,0.0188124958369368,0.038485824284691,2.0,1.5,15,1d,50,15
2022-02-22 00:00:00+00:00,2022-02-23 00:00:00+00:00,2022-02-24 00:00:00+00:00,long,1896.5999755859373,1936.0821794782369,0.03,True,2.0,trailing_stop,0.020817359696581,0.020317359696581,0.0400189947227085,2.0,1.5,15,1d,50,15
2022-03-07 00:00:00+00:00,2022-03-08 00:00:00+00:00,2022-03-08 00:00:00+00:00,long,1999.4000244140625,2020.335732596261,0.03,True,1.0,trailing_stop,0.010470995261858,0.009970995261858,0.0363108806139049,2.0,1.5,15,1d,50,15
2022-11-14 00:00:00+00:00,2022-11-15 00:00:00+00:00,2022-12-06 00:00:00+00:00,long,1770.800048828125,1769.300048828125,0.03,False,,time_exit,-0.0008470747451089,-0.0013470747451089,0.0210074261046542,2.0,1.5,15,1d,50,15
2022-12-01 00:00:00+00:00,2022-12-02 00:00:00+00:00,2022-12-05 00:00:00+00:00,long,1802.0,1768.6857038225446,0.03,False,,initial_stop,-0.0184874007644036,-0.0189874007644036,0.0033296337402886,2.0,1.5,15,1d,50,15
2022-12-13 00:00:00+00:00,2022-12-14 00:00:00+00:00,2023-01-05 00:00:00+00:00,long,1810.800048828125,1834.800048828125,0.03,False,,time_exit,0.0132538101131221,0.0127538101131221,0.0266732524052393,2.0,1.5,15,1d,50,15
2023-01-03 00:00:00+00:00,2023-01-04 00:00:00+00:00,2023-01-25 00:00:00+00:00,long,1845.5999755859373,1941.199951171875,0.03,True,8.0,time_exit,0.0517988604521881,0.0512988604521881,0.0517988604521881,2.0,1.5,15,1d,50,15
2023-01-06 00:00:00+00:00,2023-01-09 00:00:00+00:00,2023-01-30 00:00:00+00:00,long,1867.0,1922.4178030831472,0.03,True,8.0,trailing_stop,0.0296828082930622,0.0291828082930622,0.0397428768997722,2.0,1.5,15,1d,50,15
2023-01-12 00:00:00+00:00,2023-01-13 00:00:00+00:00,2023-02-02 00:00:00+00:00,long,1899.0,1932.271414620536,0.03,True,13.0,trailing_stop,0.017520492164579,0.017020492164579,0.0316482230573655,2.0,1.5,15,1d,50,15
2023-01-13 00:00:00+00:00,2023-01-17 00:00:00+00:00,2023-02-03 00:00:00+00:00,long,1920.0999755859373,1884.8142438616069,0.03,False,,initial_stop,-0.0183770283698704,-0.0188770283698704,0.0203114423706498,2.0,1.5,15,1d,50,15
2023-01-25 00:00:00+00:00,2023-01-26 00:00:00+00:00,2023-01-31 00:00:00+00:00,long,1936.5999755859373,1905.5999755859373,0.03,False,,initial_stop,-0.0160074359138731,-0.0165074359138731,0.0002581844502238,2.0,1.5,15,1d,50,15
2023-04-04 00:00:00+00:00,2023-04-05 00:00:00+00:00,2023-04-26 00:00:00+00:00,long,2022.0999755859373,1985.699951171875,0.03,False,,time_exit,-0.0180011002688008,-0.0185011002688008,0.0131052482024949,2.0,1.5,15,1d,50,15
2023-04-13 00:00:00+00:00,2023-04-14 00:00:00+00:00,2023-04-17 00:00:00+00:00,long,2041.0,1991.0285470145088,0.03,False,,initial_stop,-0.0244838084201328,-0.0249838084201328,0.0033317240706149,2.0,1.5,15,1d,50,15
2023-11-27 00:00:00+00:00,2023-11-28 00:00:00+00:00,2023-12-04 00:00:00+00:00,long,2040.5999755859373,2095.1642238071986,0.03,True,5.0,trailing_stop,0.0267393163158271,0.0262393163158271,0.0439086428785289,2.0,1.5,15,1d,50,15
2023-11-29 00:00:00+00:00,2023-11-30 00:00:00+00:00,2023-12-04 00:00:00+00:00,long,2046.0999755859373,2095.1642238071986,0.03,True,3.0,trailing_stop,0.0239793992506212,0.0234793992506212,0.04110257396482,2.0,1.5,15,1d,50,15
2023-12-01 00:00:00+00:00,2023-12-04 00:00:00+00:00,2023-12-04 00:00:00+00:00,long,2075.300048828125,2042.1000279017856,0.03,False,,initial_stop,-0.0159976967885132,-0.0164976967885132,0.0264539589707766,2.0,1.5,15,1d,50,15
2024-03-04 00:00:00+00:00,2024-03-05 00:00:00+00:00,2024-03-12 00:00:00+00:00,long,2114.89990234375,2164.4606323242188,0.03,True,4.0,trailing_stop,0.0234340783341779,0.0229340783341779,0.0378268493517557,2.0,1.5,15,1d,50,15
2024-03-05 00:00:00+00:00,2024-03-06 00:00:00+00:00,2024-03-12 00:00:00+00:00,long,2125.5,2164.4606323242188,0.03,True,3.0,trailing_stop,0.0183301022461626,0.0178301022461626,0.0326510949629499,2.0,1.5,15,1d,50,15
2024-03-06 00:00:00+00:00,2024-03-07 00:00:00+00:00,2024-03-22 00:00:00+00:00,long,2147.0,2179.95010811942,0.03,True,11.0,trailing_stop,0.0153470461664739,0.0148470461664739,0.0300885410602003,2.0,1.5,15,1d,50,15
2024-03-07 00:00:00+00:00,2024-03-08 00:00:00+00:00,2024-03-28 00:00:00+00:00,long,2167.300048828125,2202.396589006697,0.03,True,15.0,trailing_stop,0.0161936692603077,0.0156936692603077,0.0308217816283649,2.0,1.5,15,1d,50,15
2024-04-03 00:00:00+00:00,2024-04-04 00:00:00+00:00,2024-04-12 00:00:00+00:00,long,2301.699951171875,2371.239327566964,0.03,True,6.0,trailing_stop,0.0302121813747635,0.0297121813747635,0.0553069694263634,2.0,1.5,15,1d,50,15
2024-04-05 00:00:00+00:00,2024-04-08 00:00:00+00:00,2024-04-12 00:00:00+00:00,long,2325.60009765625,2371.239327566964,0.03,True,5.0,trailing_stop,0.0196247110398342,0.0191247110398342,0.0444616004479689,2.0,1.5,15,1d,50,15
2024-05-20 00:00:00+00:00,2024-05-21 00:00:00+00:00,2024-05-22 00:00:00+00:00,long,2429.5,2377.628592354911,0.03,False,,initial_stop,-0.0213506514283141,-0.0218506514283141,0.0,2.0,1.5,15,1d,50,15
2024-07-16 00:00:00+00:00,2024-07-17 00:00:00+00:00,2024-07-19 00:00:00+00:00,long,2472.89990234375,2422.257010323661,0.03,False,,initial_stop,-0.0204791516114708,-0.0209791516114708,8.095568781829598e-05,2.0,1.5,15,1d,50,15
2024-08-16 00:00:00+00:00,2024-08-19 00:00:00+00:00,2024-09-11 00:00:00+00:00,long,2508.5,2512.10009765625,0.03,False,,time_exit,0.0014351595201316,0.0009351595201316,0.0074945381017041,2.0,1.5,15,1d,50,15
2024-09-12 00:00:00+00:00,2024-09-13 00:00:00+00:00,2024-09-24 00:00:00+00:00,long,2568.800048828125,2628.432155064174,0.03,True,6.0,trailing_stop,0.0232139929549024,0.0227139929549024,0.0363983175890447,2.0,1.5,15,1d,50,15
2024-09-13 00:00:00+00:00,2024-09-17 00:00:00+00:00,2024-09-24 00:00:00+00:00,long,2581.199951171875,2628.432155064174,0.03,True,5.0,trailing_stop,0.0182985451672796,0.0177985451672796,0.0314195332366367,2.0,1.5,15,1d,50,15
2024-09-19 00:00:00+00:00,2024-09-20 00:00:00+00:00,2024-09-30 00:00:00+00:00,long,2590.39990234375,2639.464346749442,0.03,True,4.0,trailing_stop,0.0189408764111282,0.0184408764111282,0.0315396071620366,2.0,1.5,15,1d,50,15
2024-09-20 00:00:00+00:00,2024-09-24 00:00:00+00:00,2024-10-14 00:00:00+00:00,long,2636.800048828125,2647.800048828125,0.03,False,,time_exit,0.004171723223719,0.003671723223719,0.013387457590428,2.0,1.5,15,1d,50,15
2024-09-24 00:00:00+00:00,2024-09-25 00:00:00+00:00,2024-10-08 00:00:00+00:00,long,2656.300048828125,2611.1428571428573,0.03,False,,initial_stop,-0.0170000342036621,-0.0175000342036621,0.0059481416021114,2.0,1.5,15,1d,50,15
2024-09-26 00:00:00+00:00,2024-09-27 00:00:00+00:00,2024-09-30 00:00:00+00:00,long,2670.0,2628.9142717633927,0.03,False,,initial_stop,-0.0153879131972312,-0.0158879131972312,0.0007865534293072,2.0,1.5,15,1d,50,15
2024-10-17 00:00:00+00:00,2024-10-18 00:00:00+00:00,2024-11-06 00:00:00+00:00,long,2713.699951171875,2666.028494698661,0.03,False,,initial_stop,-0.0175669592552514,-0.0180669592552514,0.0277481115020132,2.0,1.5,15,1d,50,15
2024-10-22 00:00:00+00:00,2024-10-23 00:00:00+00:00,2024-11-06 00:00:00+00:00,long,2742.5,2699.0428641183034,0.03,False,,initial_stop,-0.0158458107134719,-0.0163458107134719,0.0169553327256153,2.0,1.5,15,1d,50,15
2024-10-30 00:00:00+00:00,2024-10-31 00:00:00+00:00,2024-10-31 00:00:00+00:00,long,2787.39990234375,2745.185616629464,0.03,False,,initial_stop,-0.0151446822103963,-0.0156446822103963,3.591076263065318e-05,2.0,1.5,15,1d,50,15
2025-01-22 00:00:00+00:00,2025-01-23 00:00:00+00:00,2025-02-03 00:00:00+00:00,long,2760.0,2800.282008579799,0.03,True,7.0,trailing_stop,0.0145949306448547,0.0140949306448547,0.0320289501245472,2.0,1.5,15,1d,50,15
2025-01-30 00:00:00+00:00,2025-01-31 00:00:00+00:00,2025-02-12 00:00:00+00:00,long,2829.0,2888.185616629464,0.03,True,7.0,trailing_stop,0.0209210380450561,0.0204210380450561,0.0411452464983208,2.0,1.5,15,1d,50,15
2025-02-04 00:00:00+00:00,2025-02-05 00:00:00+00:00,2025-02-12 00:00:00+00:00,long,2850.0,2888.185616629464,0.03,True,5.0,trailing_stop,0.0133984619752505,0.0128984619752505,0.0334736499451755,2.0,1.5,15,1d,50,15
2025-02-05 00:00:00+00:00,2025-02-06 00:00:00+00:00,2025-02-25 00:00:00+00:00,long,2865.199951171875,2897.4821341378347,0.03,True,10.0,trailing_stop,0.0112669913151284,0.0107669913151284,0.0323537458996396,2.0,1.5,15,1d,50,15
2025-02-10 00:00:00+00:00,2025-02-11 00:00:00+00:00,2025-02-28 00:00:00+00:00,long,2925.5,2854.9428362165177,0.03,False,,initial_stop,-0.0241179845440034,-0.0246179845440034,0.0110749965283711,2.0,1.5,15,1d,50,15
2025-03-13 00:00:00+00:00,2025-03-14 00:00:00+00:00,2025-03-31 00:00:00+00:00,long,2994.39990234375,3089.739249093192,0.03,True,11.0,trailing_stop,0.0318392164903622,0.0313392164903622,0.0461194570398422,2.0,1.5,15,1d,50,15
2025-03-18 00:00:00+00:00,2025-03-19 00:00:00+00:00,2025-03-31 00:00:00+00:00,long,3035.199951171875,3089.739249093192,0.03,True,9.0,trailing_stop,0.0179689308113819,0.0174689308113819,0.0320572121749533,2.0,1.5,15,1d,50,15
2025-03-27 00:00:00+00:00,2025-03-28 00:00:00+00:00,2025-04-02 00:00:00+00:00,long,3069.699951171875,3124.2536272321427,0.03,True,4.0,trailing_stop,0.0177716639828076,0.0172716639828076,0.0322181802969436,2.0,1.5,15,1d,50,15
2025-03-28 00:00:00+00:00,2025-03-31 00:00:00+00:00,2025-04-04 00:00:00+00:00,long,3091.0,3035.442801339286,0.03,False,,initial_stop,-0.0179738591590793,-0.0184738591590793,0.0251051755600937,2.0,1.5,15,1d,50,15
2025-03-31 00:00:00+00:00,2025-04-01 00:00:00+00:00,2025-04-03 00:00:00+00:00,long,3129.699951171875,3072.685616629464,0.03,False,,initial_stop,-0.0182171886864306,-0.0187171886864306,0.0124293533218127,2.0,1.5,15,1d,50,15
2025-04-11 00:00:00+00:00,2025-04-14 00:00:00+00:00,2025-04-23 00:00:00+00:00,long,3215.5,3355.1750924246653,0.03,True,3.0,trailing_stop,0.043438063263774,0.042938063263774,0.0839994083832218,2.0,1.5,15,1d,50,15
2025-04-16 00:00:00+00:00,2025-04-17 00:00:00+00:00,2025-04-23 00:00:00+00:00,long,3345.0,3355.1750924246653,0.03,True,3.0,trailing_stop,0.0030418811433976,0.0025418811433976,0.0420329140975337,2.0,1.5,15,1d,50,15
2025-04-21 00:00:00+00:00,2025-04-22 00:00:00+00:00,2025-04-23 00:00:00+00:00,long,3422.199951171875,3259.499965122768,0.03,False,,initial_stop,-0.0475425131116005,-0.0480425131116005,0.0185261373937735,2.0,1.5,15,1d,50,15
2025-09-03 00:00:00+00:00,2025-09-04 00:00:00+00:00,2025-09-18 00:00:00+00:00,long,3549.89990234375,3637.6893572126114,0.03,True,4.0,trailing_stop,0.0247301212101502,0.0242301212101502,0.0418885600730103,2.0,1.5,15,1d,50,15
2025-09-05 00:00:00+00:00,2025-09-08 00:00:00+00:00,2025-09-25 00:00:00+00:00,long,3594.5,3726.1500156947545,0.03,True,11.0,trailing_stop,0.0366254042828639,0.0361254042828639,0.0532758380859645,2.0,1.5,15,1d,50,15
2025-09-08 00:00:00+00:00,2025-09-09 00:00:00+00:00,2025-09-25 00:00:00+00:00,long,3647.10009765625,3726.1500156947545,0.03,True,11.0,trailing_stop,0.0216747322315897,0.0211747322315897,0.0380850260822323,2.0,1.5,15,1d,50,15
2025-09-15 00:00:00+00:00,2025-09-16 00:00:00+00:00,2025-09-29 00:00:00+00:00,long,3681.39990234375,3765.864362444197,0.03,True,9.0,trailing_stop,0.0229435710167407,0.0224435710167407,0.0397132067123222,2.0,1.5,15,1d,50,15
2025-09-22 00:00:00+00:00,2025-09-23 00:00:00+00:00,2025-09-30 00:00:00+00:00,long,3747.0,3799.746381487165,0.03,True,5.0,trailing_stop,0.014076963300551,0.013576963300551,0.031625300240192,2.0,1.5,15,1d,50,15
2025-09-23 00:00:00+00:00,2025-09-24 00:00:00+00:00,2025-10-09 00:00:00+00:00,long,3769.800048828125,3965.157078334264,0.03,True,5.0,trailing_stop,0.0518215892025537,0.0513215892025537,0.0741153108188334,2.0,1.5,15,1d,50,15
2025-09-29 00:00:00+00:00,2025-09-30 00:00:00+00:00,2025-10-09 00:00:00+00:00,long,3827.5,3965.157078334264,0.03,True,5.0,trailing_stop,0.0359652719357972,0.0354652719357972,0.0579229134348464,2.0,1.5,15,1d,50,15
2025-09-30 00:00:00+00:00,2025-10-01 00:00:00+00:00,2025-10-09 00:00:00+00:00,long,3863.5,3965.157078334264,0.03,True,5.0,trailing_stop,0.0263121724690729,0.0258121724690729,0.0480652131931862,2.0,1.5,15,1d,50,15
2025-10-06 00:00:00+00:00,2025-10-07 00:00:00+00:00,2025-10-17 00:00:00+00:00,long,3959.39990234375,4230.671439034598,0.03,True,5.0,trailing_stop,0.068513295797747,0.068013295797747,0.1006718461098865,2.0,1.5,15,1d,50,15
2025-10-07 00:00:00+00:00,2025-10-08 00:00:00+00:00,2025-10-17 00:00:00+00:00,long,3987.199951171875,4230.671439034598,0.03,True,4.0,trailing_stop,0.0610632751916955,0.0605632751916955,0.0929976056804333,2.0,1.5,15,1d,50,15
2025-10-08 00:00:00+00:00,2025-10-09 00:00:00+00:00,2025-10-17 00:00:00+00:00,long,4011.199951171875,4230.671439034598,0.03,True,4.0,trailing_stop,0.0547146715532353,0.0542146715532353,0.0864579310554705,2.0,1.5,15,1d,50,15
2025-10-13 00:00:00+00:00,2025-10-14 00:00:00+00:00,2025-10-17 00:00:00+00:00,long,4131.7001953125,4230.671439034598,0.03,True,3.0,trailing_stop,0.0239541203484179,0.0234541203484179,0.0547715937725206,2.0,1.5,15,1d,50,15
2025-10-14 00:00:00+00:00,2025-10-15 00:00:00+00:00,2025-10-17 00:00:00+00:00,long,4145.0,4230.671439034598,0.03,True,2.0,trailing_stop,0.020668622203763,0.020168622203763,0.0513872135102533,2.0,1.5,15,1d,50,15
2025-10-16 00:00:00+00:00,2025-10-17 00:00:00+00:00,2025-10-17 00:00:00+00:00,long,4354.7001953125,4199.643031529018,0.03,False,,initial_stop,-0.0356068516382342,-0.0361068516382342,0.0007577570302204,2.0,1.5,15,1d,50,15
2025-12-22 00:00:00+00:00,2025-12-23 00:00:00+00:00,2025-12-29 00:00:00+00:00,long,4503.2998046875,4396.685546875,0.03,False,,initial_stop,-0.0236746968748393,-0.0241746968748393,0.0117691475803658,2.0,1.5,15,1d,50,15
2026-01-20 00:00:00+00:00,2026-01-21 00:00:00+00:00,2026-01-29 00:00:00+00:00,long,4863.5,5414.932390485491,0.03,True,4.0,trailing_stop,0.1133818012718188,0.1128818012718188,0.148596729785648,2.0,1.5,15,1d,50,15
2026-01-22 00:00:00+00:00,2026-01-23 00:00:00+00:00,2026-01-29 00:00:00+00:00,long,4949.60009765625,5414.932390485491,0.03,True,3.0,trailing_stop,0.0940141190496555,0.0935141190496555,0.1286164710473669,2.0,1.5,15,1d,50,15
2026-01-23 00:00:00+00:00,2026-01-26 00:00:00+00:00,2026-01-29 00:00:00+00:00,long,5081.5,5414.932390485491,0.03,True,2.0,trailing_stop,0.0656169222641918,0.0651169222641918,0.0993211050501821,2.0,1.5,15,1d,50,15
2026-08-19 00:00:00+00:00,2026-08-20 00:00:00+00:00,2026-08-28 00:00:00+00:00,long,4506.7998046875,4557.382045200893,0.03,True,3.0,trailing_stop,0.0112235383654677,0.0107235383654677,0.0364116678725268,2.0,1.5,15,1d,50,15
2026-08-21 00:00:00+00:00,2026-08-24 00:00:00+00:00,2026-08-28 00:00:00+00:00,long,4638.0,4458.614153180803,0.03,False,,initial_stop,-0.0386774141481666,-0.0391774141481666,0.0070935537610499,2.0,1.5,15,1d,50,15
